"id","participant_id","task_number","condition","initial_guess","final_guess","predicted_charge","uncertainty_level","true_charge","age","sex","bmi","children","smoker","prediction_error","total_uncertainty_std","epistemic_uncertainty_std","aleatoric_uncertainty_std","task_duration_ms","created_at"
"520","5959d1d4-e7a4-46c6-b81b-f30c9627d4cb","7","1","13270","13270","40164","1","52591","60","male","32.8","0","yes","12427","5892","1065","5795","2131.5152645111084",
"517","5959d1d4-e7a4-46c6-b81b-f30c9627d4cb","4","1","13270","13270","13749","1","14394","57","female","28.785","4","no","646","608","425","435","2166.743040084839",
"518","5959d1d4-e7a4-46c6-b81b-f30c9627d4cb","5","1","13270","13270","33285","1","43579","57","female","31.16","0","yes","10294","5039","611","5002","2082.2908878326416",
"519","5959d1d4-e7a4-46c6-b81b-f30c9627d4cb","6","1","13270","13270","2434","1","1770","20","male","29.735","0","no","664","618","312","534","2334.6118927001953",
"521","5959d1d4-e7a4-46c6-b81b-f30c9627d4cb","8","1","13270","13270","4404","3","2711","19","female","25.745","1","no","1693","5784","329","5775","2617.140769958496",
"514","5959d1d4-e7a4-46c6-b81b-f30c9627d4cb","1","1","13270","13270","10037","1","6552","33","female","36.29","3","no","3485","9693","919","9649","2133.2900524139404",
"515","5959d1d4-e7a4-46c6-b81b-f30c9627d4cb","2","1","13270","13270","2534","4","1910","21","male","31.255","0","no","624","653","280","589","3000.894069671631",
"516","5959d1d4-e7a4-46c6-b81b-f30c9627d4cb","3","1","13270","13270","9651","1","6113","31","female","30.495","3","no","3538","10518","523","10505","2156.203031539917",
"683","28f60540-ec98-4582-afdd-31c32f4eb62f","8","2","20000","12000","10022","4","10065","53","male","21.4","1","no","43","971","158","958","5291.577577590942","2025-07-23 22:51:22+00"
"682","28f60540-ec98-4582-afdd-31c32f4eb62f","7","2","25000","15000","11930","4","11879","55","female","32.395","1","no","51","1390","148","1383","5361.155033111572","2025-07-23 22:51:08+00"
"681","28f60540-ec98-4582-afdd-31c32f4eb62f","6","2","55000","35000","33285","3","43579","57","female","31.16","0","yes","10294","5039","611","5002","7427.165985107422","2025-07-23 22:50:51+00"
"680","28f60540-ec98-4582-afdd-31c32f4eb62f","5","2","5000","7500","7367","3","24060","19","female","30.59","2","no","16693","11045","552","11031","7554.167032241821","2025-07-23 22:50:33+00"
"679","28f60540-ec98-4582-afdd-31c32f4eb62f","4","2","30000","30000","30586","2","38999","44","male","30.2","2","yes","8413","6620","804","6571","3383.143186569214","2025-07-23 22:50:13+00"
"678","28f60540-ec98-4582-afdd-31c32f4eb62f","3","2","17500","25000","38827","2","55135","33","female","35.53","0","yes","16309","4454","798","4382","6735.402584075928","2025-07-23 22:50:01+00"
"677","28f60540-ec98-4582-afdd-31c32f4eb62f","2","2","50000","45000","40164","1","52591","60","male","32.8","0","yes","12427","5892","1065","5795","8318.139791488647","2025-07-23 22:49:40+00"
"676","28f60540-ec98-4582-afdd-31c32f4eb62f","1","2","20000","25000","42710","1","58571","31","female","38.095","1","yes","15862","3830","1211","3634","8382.90810585022","2025-07-23 22:49:18+00"
"675","cc3b36c4-3c79-4ab5-8a9c-7a44bc9941a2","8","1","1","1","26858","1","19720","32","male","28.93","1","yes","7138","6991","1029","6915","1649.9528884887695","2025-07-23 22:48:42+00"
"674","cc3b36c4-3c79-4ab5-8a9c-7a44bc9941a2","7","1","1","1","4206","1","13127","23","female","28","0","no","8921","8287","227","8284","1709.4807624816895","2025-07-23 22:48:38+00"
"673","cc3b36c4-3c79-4ab5-8a9c-7a44bc9941a2","6","1","1","1","30586","1","38999","44","male","30.2","2","yes","8413","6620","804","6571","1840.5265808105469","2025-07-23 22:48:34+00"
"672","cc3b36c4-3c79-4ab5-8a9c-7a44bc9941a2","5","1","1","1","38827","1","55135","33","female","35.53","0","yes","16309","4454","798","4382","1507.7266693115234","2025-07-23 22:48:29+00"
"671","cc3b36c4-3c79-4ab5-8a9c-7a44bc9941a2","4","1","10000","10000","10037","1","6552","33","female","36.29","3","no","3485","9693","919","9649","3538.0749702453613","2025-07-23 22:48:21+00"
"670","cc3b36c4-3c79-4ab5-8a9c-7a44bc9941a2","3","1","13500","10000","9651","1","6113","31","female","30.495","3","no","3538","10518","523","10505","5385.920286178589","2025-07-23 22:48:08+00"
"669","cc3b36c4-3c79-4ab5-8a9c-7a44bc9941a2","2","1","50000","45000","40164","1","52591","60","male","32.8","0","yes","12427","5892","1065","5795","5480.850458145142","2025-07-23 22:47:51+00"
"668","cc3b36c4-3c79-4ab5-8a9c-7a44bc9941a2","1","1","20000","40000","42710","1","58571","31","female","38.095","1","yes","15862","3830","1211","3634","7955.693244934082","2025-07-23 22:47:26+00"
"667","f9dffaff-3e09-4256-af21-64ab6bf256a9","8","1","1","1","26858","1","19720","32","male","28.93","1","yes","7138","6991","1029","6915","1250.2307891845703","2025-07-23 07:10:43+00"
"666","f9dffaff-3e09-4256-af21-64ab6bf256a9","7","1","1","1","4206","1","13127","23","female","28","0","no","8921","8287","227","8284","1182.889699935913","2025-07-23 07:10:39+00"
"665","f9dffaff-3e09-4256-af21-64ab6bf256a9","6","1","1","1","30586","1","38999","44","male","30.2","2","yes","8413","6620","804","6571","1156.3630104064941","2025-07-23 07:10:36+00"
"664","f9dffaff-3e09-4256-af21-64ab6bf256a9","5","1","1","1","38827","1","55135","33","female","35.53","0","yes","16309","4454","798","4382","1300.3475666046143","2025-07-23 07:10:33+00"
"663","f9dffaff-3e09-4256-af21-64ab6bf256a9","4","1","1","1","10037","1","6552","33","female","36.29","3","no","3485","9693","919","9649","1206.4790725708008","2025-07-23 07:10:30+00"
"662","f9dffaff-3e09-4256-af21-64ab6bf256a9","3","1","1","1","9651","1","6113","31","female","30.495","3","no","3538","10518","523","10505","1264.8475170135498","2025-07-23 07:10:26+00"
"661","f9dffaff-3e09-4256-af21-64ab6bf256a9","2","1","1","1","40164","1","52591","60","male","32.8","0","yes","12427","5892","1065","5795","1464.5657539367676","2025-07-23 07:10:23+00"
"660","f9dffaff-3e09-4256-af21-64ab6bf256a9","1","1","1","1","42710","1","58571","31","female","38.095","1","yes","15862","3830","1211","3634","1813.7590885162354","2025-07-23 07:10:17+00"
"659","e8dcad58-8099-4f31-be97-2a48f525c688","8","2","1","12973","10022","4","10065","53","male","21.4","1","no","43","971","158","958","10233.685731887817","2025-07-23 02:44:34+00"
"658","e8dcad58-8099-4f31-be97-2a48f525c688","7","2","1","16358","11930","4","11879","55","female","32.395","1","no","51","1390","148","1383","14632.281064987183","2025-07-23 02:44:21+00"
"657","e8dcad58-8099-4f31-be97-2a48f525c688","6","2","1","40823","33285","3","43579","57","female","31.16","0","yes","10294","5039","611","5002","9486.912965774536","2025-07-23 02:44:04+00"
"656","e8dcad58-8099-4f31-be97-2a48f525c688","5","2","1","11790","7367","3","24060","19","female","30.59","2","no","16693","11045","552","11031","5899.543046951294","2025-07-23 02:43:44+00"
"655","e8dcad58-8099-4f31-be97-2a48f525c688","4","2","1","38227","30586","2","38999","44","male","30.2","2","yes","8413","6620","804","6571","39755.929946899414","2025-07-23 02:43:32+00"
"654","e8dcad58-8099-4f31-be97-2a48f525c688","3","2","1","42902","38827","2","55135","33","female","35.53","0","yes","16309","4454","798","4382","9484.997272491455","2025-07-23 02:42:38+00"
"653","e8dcad58-8099-4f31-be97-2a48f525c688","2","2","1","46409","40164","1","52591","60","male","32.8","0","yes","12427","5892","1065","5795","8749.576091766357","2025-07-23 02:42:24+00"
"652","e8dcad58-8099-4f31-be97-2a48f525c688","1","2","1","45444","42710","1","58571","31","female","38.095","1","yes","15862","3830","1211","3634","16467.156887054443","2025-07-23 02:42:12+00"
"651","77e86ff8-c2d8-42cb-88e4-82343191a43f","8","1","1","46099","26858","1","19720","32","male","28.93","1","yes","7138","6991","1029","6915","5598.8218784332275","2025-07-23 02:38:09+00"
"650","77e86ff8-c2d8-42cb-88e4-82343191a43f","7","1","11953","19590","4206","1","13127","23","female","28","0","no","8921","8287","227","8284","6049.304008483887","2025-07-23 02:37:58+00"
"649","77e86ff8-c2d8-42cb-88e4-82343191a43f","6","1","1","1","30586","1","38999","44","male","30.2","2","yes","8413","6620","804","6571","2731.5402030944824","2025-07-23 02:37:43+00"
"648","77e86ff8-c2d8-42cb-88e4-82343191a43f","5","1","1","43914","38827","1","55135","33","female","35.53","0","yes","16309","4454","798","4382","6366.096019744873","2025-07-23 02:37:34+00"
"647","77e86ff8-c2d8-42cb-88e4-82343191a43f","4","1","1","16970","10037","1","6552","33","female","36.29","3","no","3485","9693","919","9649","7499.488830566406","2025-07-23 02:37:23+00"
"646","77e86ff8-c2d8-42cb-88e4-82343191a43f","3","1","1","7623","9651","1","6113","31","female","30.495","3","no","3538","10518","523","10505","10299.857139587402","2025-07-23 02:37:03+00"
"645","77e86ff8-c2d8-42cb-88e4-82343191a43f","2","1","1","45031","40164","1","52591","60","male","32.8","0","yes","12427","5892","1065","5795","5133.780956268311","2025-07-23 02:36:48+00"
"644","77e86ff8-c2d8-42cb-88e4-82343191a43f","1","1","1","1","42710","1","58571","31","female","38.095","1","yes","15862","3830","1211","3634","2230.354070663452","2025-07-23 02:36:36+00"
"643","c45f2fc4-a307-494f-bfb4-9dd58a2a4dc6","8","1","1","1","26858","1","19720","32","male","28.93","1","yes","7138","6991","1029","6915","5352.756977081299","2025-07-23 02:24:17+00"
"642","c45f2fc4-a307-494f-bfb4-9dd58a2a4dc6","7","1","1","1","4206","1","13127","23","female","28","0","no","8921","8287","227","8284","1950.423002243042","2025-07-23 02:24:10+00"
"641","c45f2fc4-a307-494f-bfb4-9dd58a2a4dc6","6","1","13102","13102","30586","1","38999","44","male","30.2","2","yes","8413","6620","804","6571","5848.489046096802","2025-07-23 02:24:02+00"
"640","c45f2fc4-a307-494f-bfb4-9dd58a2a4dc6","5","1","471","471","38827","1","55135","33","female","35.53","0","yes","16309","4454","798","4382","7132.496118545532","2025-07-23 02:23:51+00"
"639","c45f2fc4-a307-494f-bfb4-9dd58a2a4dc6","4","1","2701","2701","10037","1","6552","33","female","36.29","3","no","3485","9693","919","9649","6784.235000610352","2025-07-23 02:23:39+00"
"638","c45f2fc4-a307-494f-bfb4-9dd58a2a4dc6","3","1","1","1","9651","1","6113","31","female","30.495","3","no","3538","10518","523","10505","9432.855129241943","2025-07-23 02:23:23+00"
"637","c45f2fc4-a307-494f-bfb4-9dd58a2a4dc6","2","1","1","1","40164","1","52591","60","male","32.8","0","yes","12427","5892","1065","5795","5167.539358139038","2025-07-23 02:22:55+00"
"636","c45f2fc4-a307-494f-bfb4-9dd58a2a4dc6","1","1","1","1","42710","1","58571","31","female","38.095","1","yes","15862","3830","1211","3634","1994.8348999023438","2025-07-23 02:22:44+00"
"635","5e01d61f-fd28-4064-802c-607141f0715e","8","1","11998","11998","26858","1","19720","32","male","28.93","1","yes","7138","6991","1029","6915","9465.55209159851","2025-07-23 02:00:35+00"
"634","5e01d61f-fd28-4064-802c-607141f0715e","7","1","14215","14215","4206","1","13127","23","female","28","0","no","8921","8287","227","8284","4650.010108947754","2025-07-23 02:00:03+00"
"633","5e01d61f-fd28-4064-802c-607141f0715e","6","1","1","1","30586","1","38999","44","male","30.2","2","yes","8413","6620","804","6571","7882.59482383728","2025-07-23 01:59:52+00"
"632","5e01d61f-fd28-4064-802c-607141f0715e","5","1","14199","14199","38827","1","55135","33","female","35.53","0","yes","16309","4454","798","4382","4799.600839614868","2025-07-23 01:59:39+00"
"631","5e01d61f-fd28-4064-802c-607141f0715e","4","1","16668","16668","10037","1","6552","33","female","36.29","3","no","3485","9693","919","9649","9645.868062973022","2025-07-23 01:59:25+00"
"630","5e01d61f-fd28-4064-802c-607141f0715e","3","1","16346","16346","9651","1","6113","31","female","30.495","3","no","3538","10518","523","10505","2500.164270401001","2025-07-23 01:59:03+00"
"629","5e01d61f-fd28-4064-802c-607141f0715e","2","1","1","1","40164","1","52591","60","male","32.8","0","yes","12427","5892","1065","5795","10382.930278778076","2025-07-23 01:58:42+00"
"628","5e01d61f-fd28-4064-802c-607141f0715e","1","1","17762","17762","42710","1","58571","31","female","38.095","1","yes","15862","3830","1211","3634","2476.96590423584","2025-07-23 01:58:29+00"
"627","cf2a3d0a-7022-483b-9c81-1a1bd80e59b5","8","3","1","1","13749","4","14394","57","female","28.785","4","no","646","608","425","435","4000.04506111145","2025-07-23 01:53:19+00"
"626","cf2a3d0a-7022-483b-9c81-1a1bd80e59b5","7","3","15718","15718","2434","4","1770","20","male","29.735","0","no","664","618","312","534","3181.8277835845947","2025-07-23 01:53:09+00"
"625","cf2a3d0a-7022-483b-9c81-1a1bd80e59b5","6","3","14566","14566","4404","3","2711","19","female","25.745","1","no","1693","5784","329","5775","2884.8717212677","2025-07-23 01:53:02+00"
"624","cf2a3d0a-7022-483b-9c81-1a1bd80e59b5","5","3","1","1","19177","3","17043","26","male","27.06","0","yes","2134","5982","898","5915","6050.575971603394","2025-07-23 01:52:52+00"
"623","cf2a3d0a-7022-483b-9c81-1a1bd80e59b5","4","3","1","1","26858","2","19720","32","male","28.93","1","yes","7138","6991","1029","6915","1983.3838939666748","2025-07-23 01:52:38+00"
"622","cf2a3d0a-7022-483b-9c81-1a1bd80e59b5","3","3","1","1","4206","2","13127","23","female","28","0","no","8921","8287","227","8284","3516.8440341949463","2025-07-23 01:52:25+00"
"621","cf2a3d0a-7022-483b-9c81-1a1bd80e59b5","2","3","26754","26754","10037","1","6552","33","female","36.29","3","no","3485","9693","919","9649","4165.898084640503","2025-07-23 01:52:14+00"
"620","cf2a3d0a-7022-483b-9c81-1a1bd80e59b5","1","3","1","1","9651","1","6113","31","female","30.495","3","no","3538","10518","523","10505","4931.887865066528","2025-07-23 01:52:06+00"
"619","902e10e3-6b74-48ae-a224-e76fb0972bbf","8","2","31742","31742","10022","4","10065","53","male","21.4","1","no","43","971","158","958","2715.7928943634033","2025-07-23 01:49:02+00"
"618","902e10e3-6b74-48ae-a224-e76fb0972bbf","7","2","23794","23794","11930","4","11879","55","female","32.395","1","no","51","1390","148","1383","3049.8461723327637","2025-07-23 01:48:51+00"
"617","902e10e3-6b74-48ae-a224-e76fb0972bbf","6","2","1","1","33285","3","43579","57","female","31.16","0","yes","10294","5039","611","5002","2212.7859592437744","2025-07-23 01:48:44+00"
"616","902e10e3-6b74-48ae-a224-e76fb0972bbf","5","2","1","1","7367","3","24060","19","female","30.59","2","no","16693","11045","552","11031","2132.741928100586","2025-07-23 01:48:40+00"
"615","902e10e3-6b74-48ae-a224-e76fb0972bbf","4","2","1","1","30586","2","38999","44","male","30.2","2","yes","8413","6620","804","6571","2099.695920944214","2025-07-23 01:48:35+00"
"614","902e10e3-6b74-48ae-a224-e76fb0972bbf","3","2","1","1","38827","2","55135","33","female","35.53","0","yes","16309","4454","798","4382","1783.6580276489258","2025-07-23 01:48:31+00"
"613","902e10e3-6b74-48ae-a224-e76fb0972bbf","2","2","1","1","40164","1","52591","60","male","32.8","0","yes","12427","5892","1065","5795","1568.8540935516357","2025-07-23 01:48:26+00"
"612","902e10e3-6b74-48ae-a224-e76fb0972bbf","1","2","1","1","42710","1","58571","31","female","38.095","1","yes","15862","3830","1211","3634","1847.8431701660156","2025-07-23 01:48:22+00"
"611","3cf1c0d8-f756-469e-86ba-80884adc62d8","8","1","1","1","26858","1","19720","32","male","28.93","1","yes","7138","6991","1029","6915","1100.1689434051514","2025-07-23 01:47:02+00"
"610","3cf1c0d8-f756-469e-86ba-80884adc62d8","7","1","1","1","4206","1","13127","23","female","28","0","no","8921","8287","227","8284","1168.8079833984375","2025-07-23 01:46:59+00"
"609","3cf1c0d8-f756-469e-86ba-80884adc62d8","6","1","1","1","30586","1","38999","44","male","30.2","2","yes","8413","6620","804","6571","985.3188991546631","2025-07-23 01:46:56+00"
"608","3cf1c0d8-f756-469e-86ba-80884adc62d8","5","1","1","1","38827","1","55135","33","female","35.53","0","yes","16309","4454","798","4382","1118.1480884552002","2025-07-23 01:46:53+00"
"607","3cf1c0d8-f756-469e-86ba-80884adc62d8","4","1","1","1","10037","1","6552","33","female","36.29","3","no","3485","9693","919","9649","1288.532018661499","2025-07-23 01:46:50+00"
"606","3cf1c0d8-f756-469e-86ba-80884adc62d8","3","1","1","1","9651","1","6113","31","female","30.495","3","no","3538","10518","523","10505","1949.995994567871","2025-07-23 01:46:46+00"
"605","3cf1c0d8-f756-469e-86ba-80884adc62d8","2","1","1","1","40164","1","52591","60","male","32.8","0","yes","12427","5892","1065","5795","1566.4780139923096","2025-07-23 01:46:42+00"
"604","3cf1c0d8-f756-469e-86ba-80884adc62d8","1","1","1","1","42710","1","58571","31","female","38.095","1","yes","15862","3830","1211","3634","1981.806993484497","2025-07-23 01:46:36+00"
"603","71ee4c02-defa-40d3-ac06-3870ae82de3d","10","1","1","1","12979","1","9705","45","female","39.995","3","no","3274","9525","881","9484","2032.8052043914795","2025-07-21 18:00:19+00"
"602","71ee4c02-defa-40d3-ac06-3870ae82de3d","9","1","1","1","7209","3","5584","36","male","34.43","2","no","1625","5719","217","5715","2616.0292625427246","2025-07-21 18:00:16+00"
"601","71ee4c02-defa-40d3-ac06-3870ae82de3d","8","1","1","1","23970","2","16885","19","female","27.9","0","yes","7085","6971","1229","6861","2134.0131759643555","2025-07-21 18:00:12+00"
"600","71ee4c02-defa-40d3-ac06-3870ae82de3d","7","1","1","1","2434","4","1770","20","male","29.735","0","no","664","618","312","534","2497.8549480438232","2025-07-21 18:00:09+00"
"599","71ee4c02-defa-40d3-ac06-3870ae82de3d","6","1","1","1","4404","1","2711","19","female","25.745","1","no","1693","5784","329","5775","185977.27298736572","2025-07-21 18:00:03+00"
"598","71ee4c02-defa-40d3-ac06-3870ae82de3d","5","1","1","1","6996","3","5327","31","female","32.775","2","no","1668","5604","433","5587","15697.947978973389","2025-07-21 17:56:56+00"
"597","71ee4c02-defa-40d3-ac06-3870ae82de3d","4","1","1","1","10037","1","6552","33","female","36.29","3","no","3485","9693","919","9649","3199.763059616089","2025-07-21 17:56:39+00"
"596","71ee4c02-defa-40d3-ac06-3870ae82de3d","3","1","1","1","10559","4","10577","56","male","22.1","0","no","18","1157","245","1131","5948.001146316528","2025-07-21 17:56:34+00"
"595","71ee4c02-defa-40d3-ac06-3870ae82de3d","2","1","1","1","33285","1","43579","57","female","31.16","0","yes","10294","5039","611","5002","12017.162084579468","2025-07-21 17:56:26+00"
"594","71ee4c02-defa-40d3-ac06-3870ae82de3d","1","1","19053","4537","11930","4","11879","55","female","32.395","1","no","51","1390","148","1383","16064.205169677734","2025-07-21 17:56:04+00"
"593","aa76a124-1f65-44a4-aa9d-82681a04bf7a","8","3","5000","5000","4206","2","13127","23","female","28","0","no","8921","8287","227","8284","7725.311040878296","2025-07-21 11:57:03+00"
"592","aa76a124-1f65-44a4-aa9d-82681a04bf7a","7","3","13270","30000","35890","2","40721","46","male","30.495","3","yes","4831","7158","904","7101","26608.088493347168","2025-07-21 11:56:38+00"
"591","aa76a124-1f65-44a4-aa9d-82681a04bf7a","6","3","5000","5000","4404","1","2711","19","female","25.745","1","no","1693","5784","329","5775","7050.949573516846","2025-07-21 11:56:04+00"
"590","aa76a124-1f65-44a4-aa9d-82681a04bf7a","5","3","13270","11270","10022","4","10065","53","male","21.4","1","no","43","971","158","958","17151.90839767456","2025-07-21 11:55:48+00"
"589","aa76a124-1f65-44a4-aa9d-82681a04bf7a","4","3","10000","5000","2283","4","1640","19","male","30.59","0","no","644","658","321","574","15893.647909164429","2025-07-21 11:55:26+00"
"588","aa76a124-1f65-44a4-aa9d-82681a04bf7a","3","3","13270","10000","9651","1","6113","31","female","30.495","3","no","3538","10518","523","10505","19111.82427406311","2025-07-21 11:54:10+00"
"587","aa76a124-1f65-44a4-aa9d-82681a04bf7a","2","3","10000","10000","4206","1","13127","23","female","28","0","no","8921","8287","227","8284","114249.93872642517","2025-07-21 11:53:47+00"
"586","aa76a124-1f65-44a4-aa9d-82681a04bf7a","1","3","13270","20000","30586","2","38999","44","male","30.2","2","yes","8413","6620","804","6571","130266.16406440735","2025-07-21 11:51:41+00"
"585","a7308afd-2a4e-4617-9f14-661bb518a733","8","2","8000","5000","4206","2","13127","23","female","28","0","no","8921","8287","227","8284","8302.953958511353","2025-07-21 11:47:00+00"
"584","a7308afd-2a4e-4617-9f14-661bb518a733","7","2","7000","6000","4206","1","13127","23","female","28","0","no","8921","8287","227","8284","11710.532188415527","2025-07-21 11:46:42+00"
"583","a7308afd-2a4e-4617-9f14-661bb518a733","6","2","15000","14000","11930","1","11879","55","female","32.395","1","no","51","1390","148","1383","11463.047981262207","2025-07-21 11:46:18+00"
"582","a7308afd-2a4e-4617-9f14-661bb518a733","5","2","20000","30000","33285","3","43579","57","female","31.16","0","yes","10294","5039","611","5002","13892.85945892334","2025-07-21 11:45:57+00"
"581","a7308afd-2a4e-4617-9f14-661bb518a733","4","2","13270","7000","6429","4","6458","38","male","29.26","2","no","28","1585","215","1570","15739.590883255005","2025-07-21 11:45:18+00"
"580","a7308afd-2a4e-4617-9f14-661bb518a733","3","2","20000","20000","19019","1","15555","63","male","41.325","3","no","3464","10172","646","10151","10287.446975708008","2025-07-21 11:44:57+00"
"579","a7308afd-2a4e-4617-9f14-661bb518a733","2","2","8000","15000","23970","2","16885","19","female","27.9","0","yes","7085","6971","1229","6861","13917.763948440552","2025-07-21 11:44:34+00"
"578","a7308afd-2a4e-4617-9f14-661bb518a733","1","2","13270","20000","26858","2","19720","32","male","28.93","1","yes","7138","6991","1029","6915","74096.58288955688","2025-07-21 11:44:11+00"
"577","10d11efa-7cbd-4721-b544-ae7fad45f085","8","1","13270","5000","2534","4","1910","21","male","31.255","0","no","624","653","280","589","38775.01106262207","2025-07-21 11:41:55+00"
"569","10d11efa-7cbd-4721-b544-ae7fad45f085","8","1","13270","5000","2534","4","1910","21","male","31.255","0","no","624","653","280","589","38775.01106262207","2025-07-21 11:41:55+00"
"568","10d11efa-7cbd-4721-b544-ae7fad45f085","7","1","13270","20000","32283","1","62593","45","male","30.36","0","yes","30310","6814","699","6778","11167.237043380737","2025-07-21 11:41:04+00"
"576","10d11efa-7cbd-4721-b544-ae7fad45f085","7","1","13270","20000","32283","1","62593","45","male","30.36","0","yes","30310","6814","699","6778","11167.237043380737","2025-07-21 11:41:04+00"
"567","10d11efa-7cbd-4721-b544-ae7fad45f085","6","1","8000","12000","24730","2","18246","27","male","29.15","0","yes","6483","6623","937","6556","26010.172843933105","2025-07-21 11:40:48+00"
"575","10d11efa-7cbd-4721-b544-ae7fad45f085","6","1","8000","12000","24730","2","18246","27","male","29.15","0","yes","6483","6623","937","6556","26010.172843933105","2025-07-21 11:40:48+00"
"574","10d11efa-7cbd-4721-b544-ae7fad45f085","5","1","14000","10000","7209","3","5584","36","male","34.43","2","no","1625","5719","217","5715","20647.507190704346","2025-07-21 11:40:11+00"
"566","10d11efa-7cbd-4721-b544-ae7fad45f085","5","1","14000","10000","7209","3","5584","36","male","34.43","2","no","1625","5719","217","5715","20647.507190704346","2025-07-21 11:40:11+00"
"573","10d11efa-7cbd-4721-b544-ae7fad45f085","4","1","13270","10000","7367","3","24060","19","female","30.59","2","no","16693","11045","552","11031","12166.271209716797","2025-07-21 11:39:37+00"
"565","10d11efa-7cbd-4721-b544-ae7fad45f085","4","1","13270","10000","7367","3","24060","19","female","30.59","2","no","16693","11045","552","11031","12166.271209716797","2025-07-21 11:39:37+00"
"572","10d11efa-7cbd-4721-b544-ae7fad45f085","3","1","13270","12000","9651","1","6113","31","female","30.495","3","no","3538","10518","523","10505","9776.875972747803","2025-07-21 11:39:18+00"
"564","10d11efa-7cbd-4721-b544-ae7fad45f085","3","1","13270","12000","9651","1","6113","31","female","30.495","3","no","3538","10518","523","10505","9776.875972747803","2025-07-21 11:39:18+00"
"571","10d11efa-7cbd-4721-b544-ae7fad45f085","2","1","10000","6000","4206","2","13127","23","female","28","0","no","8921","8287","227","8284","25292.766571044922","2025-07-21 11:39:00+00"
"563","10d11efa-7cbd-4721-b544-ae7fad45f085","2","1","10000","6000","4206","2","13127","23","female","28","0","no","8921","8287","227","8284","25292.766571044922","2025-07-21 11:39:00+00"
"570","10d11efa-7cbd-4721-b544-ae7fad45f085","1","1","13270","10000","6429","4","6458","38","male","29.26","2","no","28","1585","215","1570","177809.09180641174","2025-07-21 11:38:11+00"
"562","10d11efa-7cbd-4721-b544-ae7fad45f085","1","1","13270","10000","6429","4","6458","38","male","29.26","2","no","28","1585","215","1570","177809.09180641174","2025-07-21 11:38:11+00"
"561","de1e9920-c2f9-4d6f-a05f-1f53fb094876","8","3","13270","13270","2434","1","1770","20","male","29.735","0","no","664","618","312","534","6930.247783660889","2025-07-18 21:30:51+00"
"560","de1e9920-c2f9-4d6f-a05f-1f53fb094876","7","3","13270","13270","11930","1","11879","55","female","32.395","1","no","51","1390","148","1383","18622.104167938232","2025-07-18 21:30:40+00"
"559","de1e9920-c2f9-4d6f-a05f-1f53fb094876","6","3","13270","13270","4404","3","2711","19","female","25.745","1","no","1693","5784","329","5775","12142.191410064697","2025-07-18 21:29:51+00"
"558","de1e9920-c2f9-4d6f-a05f-1f53fb094876","5","3","13270","13270","30586","2","38999","44","male","30.2","2","yes","8413","6620","804","6571","3925.670862197876","2025-07-18 21:29:37+00"
"557","de1e9920-c2f9-4d6f-a05f-1f53fb094876","4","3","26251","17197","4206","2","13127","23","female","28","0","no","8921","8287","227","8284","8818.860530853271","2025-07-18 21:29:32+00"
"556","de1e9920-c2f9-4d6f-a05f-1f53fb094876","3","3","13270","13270","19177","3","17043","26","male","27.06","0","yes","2134","5982","898","5915","31691.680669784546","2025-07-18 21:29:20+00"
"555","de1e9920-c2f9-4d6f-a05f-1f53fb094876","2","3","15000","15000","26858","2","19720","32","male","28.93","1","yes","7138","6991","1029","6915","1220596.2970256805","2025-07-18 21:28:47+00"
"554","de1e9920-c2f9-4d6f-a05f-1f53fb094876","1","3","9359","15283","10037","1","6552","33","female","36.29","3","no","3485","9693","919","9649","26471.584796905518","2025-07-18 21:08:18+00"
"553","10b46467-3d84-455c-a2db-eef3665bc240","8","2","13270","13270","9651","1","6113","31","female","30.495","3","no","3538","10518","523","10505","2837.7199172973633","2025-07-18 21:07:23+00"
"552","10b46467-3d84-455c-a2db-eef3665bc240","7","2","13270","13270","11930","4","11879","55","female","32.395","1","no","51","1390","148","1383","2824.44429397583","2025-07-18 21:07:18+00"
"551","10b46467-3d84-455c-a2db-eef3665bc240","6","2","13270","13270","4206","2","13127","23","female","28","0","no","8921","8287","227","8284","2650.123119354248","2025-07-18 21:07:14+00"
"550","10b46467-3d84-455c-a2db-eef3665bc240","5","2","13270","13270","4404","1","2711","19","female","25.745","1","no","1693","5784","329","5775","2782.9883098602295","2025-07-18 21:07:11+00"
"549","10b46467-3d84-455c-a2db-eef3665bc240","4","2","13270","20849","10037","1","6552","33","female","36.29","3","no","3485","9693","919","9649","5597.323179244995","2025-07-18 21:07:07+00"
"548","10b46467-3d84-455c-a2db-eef3665bc240","3","2","13270","13270","33285","3","43579","57","female","31.16","0","yes","10294","5039","611","5002","4191.505432128906","2025-07-18 21:07:00+00"
"547","10b46467-3d84-455c-a2db-eef3665bc240","2","2","7576","10630","10559","4","10577","56","male","22.1","0","no","18","1157","245","1131","10143.330335617065","2025-07-18 21:06:25+00"
"546","10b46467-3d84-455c-a2db-eef3665bc240","1","2","13270","17802","26858","2","19720","32","male","28.93","1","yes","7138","6991","1029","6915","13825.33311843872","2025-07-18 21:06:08+00"
"545","cf323bac-a096-4c65-93d4-0df2315bd58d","8","1","13270","13270","13749","4","14394","57","female","28.785","4","no","646","608","425","435","3234.7452640533447","2025-07-18 21:05:05+00"
"544","cf323bac-a096-4c65-93d4-0df2315bd58d","7","1","13270","13270","10037","2","6552","33","female","36.29","3","no","3485","9693","919","9649","3084.045648574829","2025-07-18 21:05:00+00"
"543","cf323bac-a096-4c65-93d4-0df2315bd58d","6","1","13270","13270","11930","1","11879","55","female","32.395","1","no","51","1390","148","1383","2794.924020767212","2025-07-18 21:04:56+00"
"542","cf323bac-a096-4c65-93d4-0df2315bd58d","5","1","13270","13270","11930","4","11879","55","female","32.395","1","no","51","1390","148","1383","2645.8585262298584","2025-07-18 21:04:52+00"
"541","cf323bac-a096-4c65-93d4-0df2315bd58d","4","1","19796","19796","27534","1","19350","31","male","29.81","0","yes","8183","6530","996","6453","3717.5452709198","2025-07-18 21:04:48+00"
"540","cf323bac-a096-4c65-93d4-0df2315bd58d","3","1","24420","24420","4404","3","2711","19","female","25.745","1","no","1693","5784","329","5775","3221.581220626831","2025-07-18 21:04:43+00"
"539","cf323bac-a096-4c65-93d4-0df2315bd58d","2","1","17303","17303","23970","2","16885","19","female","27.9","0","yes","7085","6971","1229","6861","2868.372678756714","2025-07-18 21:04:38+00"
"538","cf323bac-a096-4c65-93d4-0df2315bd58d","1","1","9056","9056","10037","1","6552","33","female","36.29","3","no","3485","9693","919","9649","6833.608150482178","2025-07-18 21:04:28+00"
"537","19719c51-ebd6-4315-b4b9-1152db98c721","8","2","13270","13270","4404","3","2711","19","female","25.745","1","no","1693","5784","329","5775","2899.0468978881836","2025-07-18 02:23:20+00"
"536","19719c51-ebd6-4315-b4b9-1152db98c721","7","2","13270","13270","27534","1","19350","31","male","29.81","0","yes","8183","6530","996","6453","3182.2688579559326","2025-07-18 02:23:16+00"
"535","19719c51-ebd6-4315-b4b9-1152db98c721","6","2","13270","13270","23970","2","16885","19","female","27.9","0","yes","7085","6971","1229","6861","3132.8368186950684","2025-07-18 02:23:11+00"
"534","19719c51-ebd6-4315-b4b9-1152db98c721","5","2","13270","13270","2434","4","1770","20","male","29.735","0","no","664","618","312","534","3082.3769569396973","2025-07-18 02:23:07+00"
"533","19719c51-ebd6-4315-b4b9-1152db98c721","4","2","13270","13270","8583","1","3393","18","female","38.665","2","no","5190","10384","1294","10303","3416.8670177459717","2025-07-18 02:23:03+00"
"532","19719c51-ebd6-4315-b4b9-1152db98c721","3","2","13270","13270","9651","1","6113","31","female","30.495","3","no","3538","10518","523","10505","3197.5321769714355","2025-07-18 02:22:58+00"
"531","19719c51-ebd6-4315-b4b9-1152db98c721","2","2","13270","13270","19177","3","17043","26","male","27.06","0","yes","2134","5982","898","5915","3082.4337005615234","2025-07-18 02:22:54+00"
"530","19719c51-ebd6-4315-b4b9-1152db98c721","1","2","13270","13270","24730","2","18246","27","male","29.15","0","yes","6483","6623","937","6556","3524.3029594421387","2025-07-18 02:22:50+00"
"529","19ec5c18-9bf1-43dc-b07b-866114b7bf1e","8","1","13270","13270","24730","2","18246","27","male","29.15","0","yes","6483","6623","937","6556","2893.890142440796","2025-07-18 02:21:51+00"
"528","19ec5c18-9bf1-43dc-b07b-866114b7bf1e","7","1","13270","13270","2434","4","1770","20","male","29.735","0","no","664","618","312","534","2335.9909057617188","2025-07-18 02:21:47+00"
"527","19ec5c18-9bf1-43dc-b07b-866114b7bf1e","6","1","13270","13270","2283","4","1640","19","male","30.59","0","no","644","658","321","574","2389.2719745635986","2025-07-18 02:21:43+00"
"526","19ec5c18-9bf1-43dc-b07b-866114b7bf1e","5","1","13270","13270","8583","1","3393","18","female","38.665","2","no","5190","10384","1294","10303","2115.741968154907","2025-07-18 02:21:40+00"
"525","19ec5c18-9bf1-43dc-b07b-866114b7bf1e","4","1","13270","13270","9651","1","6113","31","female","30.495","3","no","3538","10518","523","10505","2448.1160640716553","2025-07-18 02:21:37+00"
"524","19ec5c18-9bf1-43dc-b07b-866114b7bf1e","3","1","13270","13270","38827","1","55135","33","female","35.53","0","yes","16309","4454","798","4382","2248.9380836486816","2025-07-18 02:21:33+00"
"523","19ec5c18-9bf1-43dc-b07b-866114b7bf1e","2","1","13270","13270","33285","1","43579","57","female","31.16","0","yes","10294","5039","611","5002","2248.599052429199","2025-07-18 02:21:30+00"
"522","19ec5c18-9bf1-43dc-b07b-866114b7bf1e","1","1","13270","13270","23970","2","16885","19","female","27.9","0","yes","7085","6971","1229","6861","2376.8560886383057","2025-07-18 02:21:26+00"
"513","86dfd72f-13cf-49a7-8d70-2dc5cd0ac833","16","1","13270","13270","26858","1","19720","32","male","28.93","1","yes","7138","6991","1029","6915","7049.971103668213","2025-07-07 12:24:42+00"
"497","86dfd72f-13cf-49a7-8d70-2dc5cd0ac833","16","1","13270","13270","26858","1","19720","32","male","28.93","1","yes","7138","6991","1029","6915","7049.971103668213","2025-07-07 12:24:42+00"
"512","86dfd72f-13cf-49a7-8d70-2dc5cd0ac833","15","1","35502","35502","33285","1","43579","57","female","31.16","0","yes","10294","5039","611","5002","5704.766273498535","2025-07-07 12:24:29+00"
"496","86dfd72f-13cf-49a7-8d70-2dc5cd0ac833","15","1","35502","35502","33285","1","43579","57","female","31.16","0","yes","10294","5039","611","5002","5704.766273498535","2025-07-07 12:24:29+00"
"495","86dfd72f-13cf-49a7-8d70-2dc5cd0ac833","14","1","2608","2608","4404","1","2711","19","female","25.745","1","no","1693","5784","329","5775","11194.822788238525","2025-07-07 12:24:15+00"
"511","86dfd72f-13cf-49a7-8d70-2dc5cd0ac833","14","1","2608","2608","4404","1","2711","19","female","25.745","1","no","1693","5784","329","5775","11194.822788238525","2025-07-07 12:24:15+00"
"494","86dfd72f-13cf-49a7-8d70-2dc5cd0ac833","13","1","45330","45330","32283","1","62593","45","male","30.36","0","yes","30310","6814","699","6778","7658.327102661133","2025-07-07 12:23:55+00"
"510","86dfd72f-13cf-49a7-8d70-2dc5cd0ac833","13","1","45330","45330","32283","1","62593","45","male","30.36","0","yes","30310","6814","699","6778","7658.327102661133","2025-07-07 12:23:55+00"
"509","86dfd72f-13cf-49a7-8d70-2dc5cd0ac833","12","1","4012","4012","9651","1","6113","31","female","30.495","3","no","3538","10518","523","10505","6984.771013259888","2025-07-07 12:23:35+00"
"493","86dfd72f-13cf-49a7-8d70-2dc5cd0ac833","12","1","4012","4012","9651","1","6113","31","female","30.495","3","no","3538","10518","523","10505","6984.771013259888","2025-07-07 12:23:35+00"
"492","86dfd72f-13cf-49a7-8d70-2dc5cd0ac833","11","1","35301","35301","30586","1","38999","44","male","30.2","2","yes","8413","6620","804","6571","5989.502191543579","2025-07-07 12:23:11+00"
"508","86dfd72f-13cf-49a7-8d70-2dc5cd0ac833","11","1","35301","35301","30586","1","38999","44","male","30.2","2","yes","8413","6620","804","6571","5989.502191543579","2025-07-07 12:23:11+00"
"491","86dfd72f-13cf-49a7-8d70-2dc5cd0ac833","10","1","10832","15294","19177","1","17043","26","male","27.06","0","yes","2134","5982","898","5915","17173.999786376953","2025-07-07 12:22:33+00"
"507","86dfd72f-13cf-49a7-8d70-2dc5cd0ac833","10","1","10832","15294","19177","1","17043","26","male","27.06","0","yes","2134","5982","898","5915","17173.999786376953","2025-07-07 12:22:33+00"
"490","86dfd72f-13cf-49a7-8d70-2dc5cd0ac833","9","1","1706","1706","4206","1","13127","23","female","28","0","no","8921","8287","227","8284","7202.902317047119","2025-07-07 12:22:03+00"
"506","86dfd72f-13cf-49a7-8d70-2dc5cd0ac833","9","1","1706","1706","4206","1","13127","23","female","28","0","no","8921","8287","227","8284","7202.902317047119","2025-07-07 12:22:03+00"
"489","86dfd72f-13cf-49a7-8d70-2dc5cd0ac833","8","1","7322","7322","10037","1","6552","33","female","36.29","3","no","3485","9693","919","9649","5563.497066497803","2025-07-07 12:21:41+00"
"505","86dfd72f-13cf-49a7-8d70-2dc5cd0ac833","8","1","7322","7322","10037","1","6552","33","female","36.29","3","no","3485","9693","919","9649","5563.497066497803","2025-07-07 12:21:41+00"
"488","86dfd72f-13cf-49a7-8d70-2dc5cd0ac833","7","1","15044","15044","13749","1","14394","57","female","28.785","4","no","646","608","425","435","5893.833875656128","2025-07-07 12:21:19+00"
"504","86dfd72f-13cf-49a7-8d70-2dc5cd0ac833","7","1","15044","15044","13749","1","14394","57","female","28.785","4","no","646","608","425","435","5893.833875656128","2025-07-07 12:21:19+00"
"487","86dfd72f-13cf-49a7-8d70-2dc5cd0ac833","6","1","3010","3010","2434","1","1770","20","male","29.735","0","no","664","618","312","534","6447.918653488159","2025-07-07 12:21:04+00"
"503","86dfd72f-13cf-49a7-8d70-2dc5cd0ac833","6","1","3010","3010","2434","1","1770","20","male","29.735","0","no","664","618","312","534","6447.918653488159","2025-07-07 12:21:04+00"
"502","86dfd72f-13cf-49a7-8d70-2dc5cd0ac833","5","1","7021","10681","42710","1","58571","31","female","38.095","1","yes","15862","3830","1211","3634","28219.372987747192","2025-07-07 12:20:45+00"
"486","86dfd72f-13cf-49a7-8d70-2dc5cd0ac833","5","1","7021","10681","42710","1","58571","31","female","38.095","1","yes","15862","3830","1211","3634","28219.372987747192","2025-07-07 12:20:45+00"
"485","86dfd72f-13cf-49a7-8d70-2dc5cd0ac833","4","1","2007","2007","38827","1","55135","33","female","35.53","0","yes","16309","4454","798","4382","10623.878955841064","2025-07-07 12:19:53+00"
"501","86dfd72f-13cf-49a7-8d70-2dc5cd0ac833","4","1","2007","2007","38827","1","55135","33","female","35.53","0","yes","16309","4454","798","4382","10623.878955841064","2025-07-07 12:19:53+00"
"500","86dfd72f-13cf-49a7-8d70-2dc5cd0ac833","3","1","22064","15094","10022","1","10065","53","male","21.4","1","no","43","971","158","958","20588.719129562378","2025-07-07 12:19:20+00"
"484","86dfd72f-13cf-49a7-8d70-2dc5cd0ac833","3","1","22064","15094","10022","1","10065","53","male","21.4","1","no","43","971","158","958","20588.719129562378","2025-07-07 12:19:20+00"
"483","86dfd72f-13cf-49a7-8d70-2dc5cd0ac833","2","1","29986","35151","40164","1","52591","60","male","32.8","0","yes","12427","5892","1065","5795","24375.800609588623","2025-07-07 12:18:45+00"
"499","86dfd72f-13cf-49a7-8d70-2dc5cd0ac833","2","1","29986","35151","40164","1","52591","60","male","32.8","0","yes","12427","5892","1065","5795","24375.800609588623","2025-07-07 12:18:45+00"
"498","86dfd72f-13cf-49a7-8d70-2dc5cd0ac833","1","1","15345","12085","11930","1","11879","55","female","32.395","1","no","51","1390","148","1383","38021.777868270874","2025-07-07 12:17:51+00"
"482","86dfd72f-13cf-49a7-8d70-2dc5cd0ac833","1","1","15345","12085","11930","1","11879","55","female","32.395","1","no","51","1390","148","1383","38021.777868270874","2025-07-07 12:17:51+00"
"481","8746cb7b-2256-4066-8f71-8b274cb03b1e","16","1","4000","4200","4404","1","2711","19","female","25.745","1","no","1693","5784","329","5775","23668.044090270996","2025-07-06 04:57:18+00"
"480","8746cb7b-2256-4066-8f71-8b274cb03b1e","15","1","13270","13270","13749","1","14394","57","female","28.785","4","no","646","608","425","435","11774.723052978516","2025-07-06 04:56:35+00"
"479","8746cb7b-2256-4066-8f71-8b274cb03b1e","14","1","13270","13270","10037","1","6552","33","female","36.29","3","no","3485","9693","919","9649","9386.120557785034","2025-07-06 04:56:18+00"
"478","8746cb7b-2256-4066-8f71-8b274cb03b1e","13","1","13270","13270","19177","1","17043","26","male","27.06","0","yes","2134","5982","898","5915","11083.366394042969","2025-07-06 04:56:05+00"
"477","8746cb7b-2256-4066-8f71-8b274cb03b1e","12","1","13270","13270","10022","1","10065","53","male","21.4","1","no","43","971","158","958","10596.89712524414","2025-07-06 04:55:50+00"
"476","8746cb7b-2256-4066-8f71-8b274cb03b1e","11","1","13270","13270","42710","1","58571","31","female","38.095","1","yes","15862","3830","1211","3634","8802.916288375854","2025-07-06 04:55:36+00"
"475","8746cb7b-2256-4066-8f71-8b274cb03b1e","10","1","13270","13270","32283","1","62593","45","male","30.36","0","yes","30310","6814","699","6778","9383.717775344849","2025-07-06 04:55:23+00"
"474","8746cb7b-2256-4066-8f71-8b274cb03b1e","9","1","13270","13270","2434","1","1770","20","male","29.735","0","no","664","618","312","534","9295.053005218506","2025-07-06 04:55:10+00"
"473","8746cb7b-2256-4066-8f71-8b274cb03b1e","8","1","13270","13270","40164","1","52591","60","male","32.8","0","yes","12427","5892","1065","5795","10205.110311508179","2025-07-06 04:54:58+00"
"472","8746cb7b-2256-4066-8f71-8b274cb03b1e","7","1","13270","13270","4206","1","13127","23","female","28","0","no","8921","8287","227","8284","16670.910835266113","2025-07-06 04:54:43+00"
"471","8746cb7b-2256-4066-8f71-8b274cb03b1e","6","1","13270","13270","26858","1","19720","32","male","28.93","1","yes","7138","6991","1029","6915","13285.106420516968","2025-07-06 04:54:14+00"
"470","8746cb7b-2256-4066-8f71-8b274cb03b1e","5","1","20000","15000","11930","1","11879","55","female","32.395","1","no","51","1390","148","1383","254072.54552841187","2025-07-06 04:49:16+00"
"469","8746cb7b-2256-4066-8f71-8b274cb03b1e","4","1","13000","20000","38827","1","55135","33","female","35.53","0","yes","16309","4454","798","4382","47472.264528274536","2025-07-06 04:39:32+00"
"468","8746cb7b-2256-4066-8f71-8b274cb03b1e","3","1","15000","20000","33285","1","43579","57","female","31.16","0","yes","10294","5039","611","5002","19436.835289001465","2025-07-06 04:37:45+00"
"467","8746cb7b-2256-4066-8f71-8b274cb03b1e","2","1","13000","10000","9651","1","6113","31","female","30.495","3","no","3538","10518","523","10505","26151.16596221924","2025-07-06 04:37:04+00"
"466","8746cb7b-2256-4066-8f71-8b274cb03b1e","1","1","14000","20000","30586","1","38999","44","male","30.2","2","yes","8413","6620","804","6571","39433.22515487671","2025-07-06 04:36:05+00"
"465","5dc744ae-a7fd-4365-92e7-86b06a8a2ef0","16","1","21275","25349","26858","1","19720","32","male","28.93","1","yes","7138","6991","1029","6915","42133.15033912659","2025-07-03 12:19:49+00"
"464","5dc744ae-a7fd-4365-92e7-86b06a8a2ef0","15","1","40711","35635","33285","1","43579","57","female","31.16","0","yes","10294","5039","611","5002","18307.98387527466","2025-07-03 12:18:55+00"
"463","5dc744ae-a7fd-4365-92e7-86b06a8a2ef0","14","1","13270","13270","9651","1","6113","31","female","30.495","3","no","3538","10518","523","10505","8056.483030319214","2025-07-03 12:18:20+00"
"462","5dc744ae-a7fd-4365-92e7-86b06a8a2ef0","13","1","13270","13270","13749","1","14394","57","female","28.785","4","no","646","608","425","435","3778.1755924224854","2025-07-03 12:18:10+00"
"461","5dc744ae-a7fd-4365-92e7-86b06a8a2ef0","12","1","13270","13270","10037","1","6552","33","female","36.29","3","no","3485","9693","919","9649","4592.22674369812","2025-07-03 12:18:05+00"
"460","5dc744ae-a7fd-4365-92e7-86b06a8a2ef0","11","1","13270","13270","10022","1","10065","53","male","21.4","1","no","43","971","158","958","3715.0063514709473","2025-07-03 12:17:59+00"
"459","5dc744ae-a7fd-4365-92e7-86b06a8a2ef0","10","1","13270","13270","4404","1","2711","19","female","25.745","1","no","1693","5784","329","5775","3835.7841968536377","2025-07-03 12:17:53+00"
"458","5dc744ae-a7fd-4365-92e7-86b06a8a2ef0","9","1","13270","13270","30586","1","38999","44","male","30.2","2","yes","8413","6620","804","6571","3925.346612930298","2025-07-03 12:17:48+00"
"457","5dc744ae-a7fd-4365-92e7-86b06a8a2ef0","8","1","13270","13270","40164","1","52591","60","male","32.8","0","yes","12427","5892","1065","5795","4648.632764816284","2025-07-03 12:17:42+00"
"456","5dc744ae-a7fd-4365-92e7-86b06a8a2ef0","7","1","13270","13270","4206","1","13127","23","female","28","0","no","8921","8287","227","8284","3778.2387733459473","2025-07-03 12:17:35+00"
"455","5dc744ae-a7fd-4365-92e7-86b06a8a2ef0","6","1","13270","13270","42710","1","58571","31","female","38.095","1","yes","15862","3830","1211","3634","4463.893413543701","2025-07-03 12:17:30+00"
"454","5dc744ae-a7fd-4365-92e7-86b06a8a2ef0","5","1","13270","19137","19177","1","17043","26","male","27.06","0","yes","2134","5982","898","5915","12674.056053161621","2025-07-03 12:17:20+00"
"453","5dc744ae-a7fd-4365-92e7-86b06a8a2ef0","4","1","4309","2172","2434","1","1770","20","male","29.735","0","no","664","618","312","534","11410.632610321045","2025-07-03 12:17:00+00"
"452","5dc744ae-a7fd-4365-92e7-86b06a8a2ef0","3","1","25282","11456","11930","1","11879","55","female","32.395","1","no","51","1390","148","1383","11313.777208328247","2025-07-03 12:16:38+00"
"451","5dc744ae-a7fd-4365-92e7-86b06a8a2ef0","2","1","51131","32629","32283","1","62593","45","male","30.36","0","yes","30310","6814","699","6778","16923.985719680786","2025-07-03 12:16:06+00"
"450","5dc744ae-a7fd-4365-92e7-86b06a8a2ef0","1","1","44318","39041","38827","1","55135","33","female","35.53","0","yes","16309","4454","798","4382","32301.10263824463","2025-07-03 12:11:17+00"
"433","ddb5608a-29f6-4a77-a47e-e86a2f396fe0","16","1","15000","25000","38827","1","55135","33","female","35.53","0","yes","16309","4454","798","4382","11393.06902885437","2025-07-03 03:22:55+00"
"449","ddb5608a-29f6-4a77-a47e-e86a2f396fe0","16","1","15000","25000","38827","1","55135","33","female","35.53","0","yes","16309","4454","798","4382","11393.06902885437","2025-07-03 03:22:55+00"
"448","ddb5608a-29f6-4a77-a47e-e86a2f396fe0","15","1","4000","4000","4404","1","2711","19","female","25.745","1","no","1693","5784","329","5775","6040.9979820251465","2025-07-03 03:22:28+00"
"432","ddb5608a-29f6-4a77-a47e-e86a2f396fe0","15","1","4000","4000","4404","1","2711","19","female","25.745","1","no","1693","5784","329","5775","6040.9979820251465","2025-07-03 03:22:28+00"
"447","ddb5608a-29f6-4a77-a47e-e86a2f396fe0","14","1","18000","25000","33285","1","43579","57","female","31.16","0","yes","10294","5039","611","5002","9561.959743499756","2025-07-03 03:22:15+00"
"431","ddb5608a-29f6-4a77-a47e-e86a2f396fe0","14","1","18000","25000","33285","1","43579","57","female","31.16","0","yes","10294","5039","611","5002","9561.959743499756","2025-07-03 03:22:15+00"
"430","ddb5608a-29f6-4a77-a47e-e86a2f396fe0","13","1","20000","14000","13749","1","14394","57","female","28.785","4","no","646","608","425","435","8282.966613769531","2025-07-03 03:21:41+00"
"446","ddb5608a-29f6-4a77-a47e-e86a2f396fe0","13","1","20000","14000","13749","1","14394","57","female","28.785","4","no","646","608","425","435","8282.966613769531","2025-07-03 03:21:41+00"
"429","ddb5608a-29f6-4a77-a47e-e86a2f396fe0","12","1","15000","25000","42710","1","58571","31","female","38.095","1","yes","15862","3830","1211","3634","14551.352262496948","2025-07-03 03:21:23+00"
"445","ddb5608a-29f6-4a77-a47e-e86a2f396fe0","12","1","15000","25000","42710","1","58571","31","female","38.095","1","yes","15862","3830","1211","3634","14551.352262496948","2025-07-03 03:21:23+00"
"444","ddb5608a-29f6-4a77-a47e-e86a2f396fe0","11","1","10000","10000","10037","1","6552","33","female","36.29","3","no","3485","9693","919","9649","9181.065559387207","2025-07-03 03:20:53+00"
"428","ddb5608a-29f6-4a77-a47e-e86a2f396fe0","11","1","10000","10000","10037","1","6552","33","female","36.29","3","no","3485","9693","919","9649","9181.065559387207","2025-07-03 03:20:53+00"
"427","ddb5608a-29f6-4a77-a47e-e86a2f396fe0","10","1","13270","10000","10022","1","10065","53","male","21.4","1","no","43","971","158","958","8690.122127532959","2025-07-03 03:20:26+00"
"443","ddb5608a-29f6-4a77-a47e-e86a2f396fe0","10","1","13270","10000","10022","1","10065","53","male","21.4","1","no","43","971","158","958","8690.122127532959","2025-07-03 03:20:26+00"
"426","ddb5608a-29f6-4a77-a47e-e86a2f396fe0","9","1","4000","7000","11930","1","11879","55","female","32.395","1","no","51","1390","148","1383","9929.86798286438","2025-07-03 03:14:53+00"
"442","ddb5608a-29f6-4a77-a47e-e86a2f396fe0","9","1","4000","7000","11930","1","11879","55","female","32.395","1","no","51","1390","148","1383","9929.86798286438","2025-07-03 03:14:53+00"
"425","ddb5608a-29f6-4a77-a47e-e86a2f396fe0","8","1","5000","2500","2434","1","1770","20","male","29.735","0","no","664","618","312","534","8902.786016464233","2025-07-03 03:14:34+00"
"441","ddb5608a-29f6-4a77-a47e-e86a2f396fe0","8","1","5000","2500","2434","1","1770","20","male","29.735","0","no","664","618","312","534","8902.786016464233","2025-07-03 03:14:34+00"
"424","ddb5608a-29f6-4a77-a47e-e86a2f396fe0","7","1","30000","35000","40164","1","52591","60","male","32.8","0","yes","12427","5892","1065","5795","12428.565979003906","2025-07-03 03:14:16+00"
"440","ddb5608a-29f6-4a77-a47e-e86a2f396fe0","7","1","30000","35000","40164","1","52591","60","male","32.8","0","yes","12427","5892","1065","5795","12428.565979003906","2025-07-03 03:14:16+00"
"423","ddb5608a-29f6-4a77-a47e-e86a2f396fe0","6","1","22000","25000","32283","1","62593","45","male","30.36","0","yes","30310","6814","699","6778","8706.079244613647","2025-07-03 03:13:19+00"
"439","ddb5608a-29f6-4a77-a47e-e86a2f396fe0","6","1","22000","25000","32283","1","62593","45","male","30.36","0","yes","30310","6814","699","6778","8706.079244613647","2025-07-03 03:13:19+00"
"438","ddb5608a-29f6-4a77-a47e-e86a2f396fe0","5","1","20000","22000","26858","1","19720","32","male","28.93","1","yes","7138","6991","1029","6915","13034.64937210083","2025-07-03 03:12:56+00"
"422","ddb5608a-29f6-4a77-a47e-e86a2f396fe0","5","1","20000","22000","26858","1","19720","32","male","28.93","1","yes","7138","6991","1029","6915","13034.64937210083","2025-07-03 03:12:56+00"
"421","ddb5608a-29f6-4a77-a47e-e86a2f396fe0","4","1","8000","10000","19177","1","17043","26","male","27.06","0","yes","2134","5982","898","5915","22186.012506484985","2025-07-03 03:12:22+00"
"437","ddb5608a-29f6-4a77-a47e-e86a2f396fe0","4","1","8000","10000","19177","1","17043","26","male","27.06","0","yes","2134","5982","898","5915","22186.012506484985","2025-07-03 03:12:22+00"
"436","ddb5608a-29f6-4a77-a47e-e86a2f396fe0","3","1","7500","5000","4206","1","13127","23","female","28","0","no","8921","8287","227","8284","14400.712251663208","2025-07-03 03:11:50+00"
"420","ddb5608a-29f6-4a77-a47e-e86a2f396fe0","3","1","7500","5000","4206","1","13127","23","female","28","0","no","8921","8287","227","8284","14400.712251663208","2025-07-03 03:11:50+00"
"435","ddb5608a-29f6-4a77-a47e-e86a2f396fe0","2","1","13000","1000","9651","1","6113","31","female","30.495","3","no","3538","10518","523","10505","13124.163627624512","2025-07-03 03:11:24+00"
"419","ddb5608a-29f6-4a77-a47e-e86a2f396fe0","2","1","13000","1000","9651","1","6113","31","female","30.495","3","no","3538","10518","523","10505","13124.163627624512","2025-07-03 03:11:24+00"
"434","ddb5608a-29f6-4a77-a47e-e86a2f396fe0","1","1","18000","18000","30586","1","38999","44","male","30.2","2","yes","8413","6620","804","6571","18867.681741714478","2025-07-03 03:10:51+00"
"418","ddb5608a-29f6-4a77-a47e-e86a2f396fe0","1","1","18000","18000","30586","1","38999","44","male","30.2","2","yes","8413","6620","804","6571","18867.681741714478","2025-07-03 03:10:51+00"
"417","e06007b9-ea69-4b6d-b0cc-bf03095caedc","16","3","2899","2600","2534","4","1910","21","male","31.255","0","no","624","653","280","589","10910.088777542114","2025-07-02 18:46:17+00"
"416","e06007b9-ea69-4b6d-b0cc-bf03095caedc","15","3","4682","4300","4206","2","13127","23","female","28","0","no","8921","8287","227","8284","10823.148965835571","2025-07-02 18:46:01+00"
"415","e06007b9-ea69-4b6d-b0cc-bf03095caedc","14","3","2453","24000","23970","2","16885","19","female","27.9","0","yes","7085","6971","1229","6861","16684.560537338257","2025-07-02 18:45:44+00"
"414","e06007b9-ea69-4b6d-b0cc-bf03095caedc","13","3","8918","13000","12979","1","9705","45","female","39.995","3","no","3274","9525","881","9484","11107.910871505737","2025-07-02 18:45:22+00"
"413","e06007b9-ea69-4b6d-b0cc-bf03095caedc","12","3","17389","36999","35890","2","40721","46","male","30.495","3","yes","4831","7158","904","7101","22067.90590286255","2025-07-02 18:45:06+00"
"412","e06007b9-ea69-4b6d-b0cc-bf03095caedc","11","3","6912","9651","9651","1","6113","31","female","30.495","3","no","3538","10518","523","10505","11637.843608856201","2025-07-02 18:44:36+00"
"411","e06007b9-ea69-4b6d-b0cc-bf03095caedc","10","3","22962","13749","13749","4","14394","57","female","28.785","4","no","646","608","425","435","11469.382524490356","2025-07-02 18:44:18+00"
"410","e06007b9-ea69-4b6d-b0cc-bf03095caedc","9","3","3122","2283","2283","4","1640","19","male","30.59","0","no","644","658","321","574","12629.263162612915","2025-07-02 18:44:02+00"
"409","e06007b9-ea69-4b6d-b0cc-bf03095caedc","8","3","21625","2434","2434","4","1770","20","male","29.735","0","no","664","618","312","534","16494.444131851196","2025-07-02 18:43:42+00"
"408","e06007b9-ea69-4b6d-b0cc-bf03095caedc","7","3","8472","26858","26858","2","19720","32","male","28.93","1","yes","7138","6991","1029","6915","16225.661039352417","2025-07-02 18:43:18+00"
"407","e06007b9-ea69-4b6d-b0cc-bf03095caedc","6","3","6243","10037","10037","1","6552","33","female","36.29","3","no","3485","9693","919","9649","111466.31145477295","2025-07-02 18:42:49+00"
"406","e06007b9-ea69-4b6d-b0cc-bf03095caedc","5","3","5000","6996","6996","3","5327","31","female","32.775","2","no","1668","5604","433","5587","13537.230253219604","2025-07-02 18:40:50+00"
"405","e06007b9-ea69-4b6d-b0cc-bf03095caedc","4","3","12000","19019","19019","1","15555","63","male","41.325","3","no","3464","10172","646","10151","28601.767539978027","2025-07-02 18:40:24+00"
"404","e06007b9-ea69-4b6d-b0cc-bf03095caedc","3","3","3000","4404","4404","3","2711","19","female","25.745","1","no","1693","5784","329","5775","20695.316314697266","2025-07-02 18:39:41+00"
"403","e06007b9-ea69-4b6d-b0cc-bf03095caedc","2","3","20421","7209","7209","3","5584","36","male","34.43","2","no","1625","5719","217","5715","19140.566110610962","2025-07-02 18:39:09+00"
"402","e06007b9-ea69-4b6d-b0cc-bf03095caedc","1","3","3000","19177","19177","3","17043","26","male","27.06","0","yes","2134","5982","898","5915","32658.647537231445","2025-07-02 18:38:31+00"
"401","c38941eb-b09e-4577-9c7f-71004b4a4193","16","2","13270","13270","38827","2","55135","33","female","35.53","0","yes","16309","4454","798","4382","6055.994033813477","2025-07-02 16:14:06+00"
"400","c38941eb-b09e-4577-9c7f-71004b4a4193","15","2","13270","13270","19019","3","15555","63","male","41.325","3","no","3464","10172","646","10151","5195.743799209595","2025-07-02 16:13:59+00"
"399","c38941eb-b09e-4577-9c7f-71004b4a4193","14","2","13270","13270","33285","3","43579","57","female","31.16","0","yes","10294","5039","611","5002","4481.697082519531","2025-07-02 16:13:52+00"
"398","c38941eb-b09e-4577-9c7f-71004b4a4193","13","2","13270","13270","10559","4","10577","56","male","22.1","0","no","18","1157","245","1131","4126.955032348633","2025-07-02 16:13:46+00"
"397","c38941eb-b09e-4577-9c7f-71004b4a4193","12","2","13270","13270","42710","1","58571","31","female","38.095","1","yes","15862","3830","1211","3634","4777.451276779175","2025-07-02 16:13:40+00"
"396","c38941eb-b09e-4577-9c7f-71004b4a4193","11","2","13270","13270","8583","1","3393","18","female","38.665","2","no","5190","10384","1294","10303","5106.16397857666","2025-07-02 16:13:34+00"
"395","c38941eb-b09e-4577-9c7f-71004b4a4193","10","2","13270","13270","10022","4","10065","53","male","21.4","1","no","43","971","158","958","4992.447137832642","2025-07-02 16:13:28+00"
"394","c38941eb-b09e-4577-9c7f-71004b4a4193","9","2","13270","13270","11930","4","11879","55","female","32.395","1","no","51","1390","148","1383","4887.656211853027","2025-07-02 16:13:21+00"
"393","c38941eb-b09e-4577-9c7f-71004b4a4193","8","2","39250","5251","6429","4","6458","38","male","29.26","2","no","28","1585","215","1570","9710.352659225464","2025-07-02 16:13:15+00"
"392","c38941eb-b09e-4577-9c7f-71004b4a4193","7","2","32879","32879","40164","1","52591","60","male","32.8","0","yes","12427","5892","1065","5795","6371.396064758301","2025-07-02 16:13:01+00"
"391","c38941eb-b09e-4577-9c7f-71004b4a4193","6","2","24794","7050","7367","3","24060","19","female","30.59","2","no","16693","11045","552","11031","10872.440576553345","2025-07-02 16:12:49+00"
"390","c38941eb-b09e-4577-9c7f-71004b4a4193","5","2","43688","16513","10037","2","6552","33","female","36.29","3","no","3485","9693","919","9649","8785.076141357422","2025-07-02 16:12:36+00"
"389","c38941eb-b09e-4577-9c7f-71004b4a4193","4","2","37612","37612","38074","3","44585","29","male","35.5","2","yes","6512","4350","583","4311","5111.749649047852","2025-07-02 16:12:24+00"
"388","c38941eb-b09e-4577-9c7f-71004b4a4193","3","2","32669","32669","24730","2","18246","27","male","29.15","0","yes","6483","6623","937","6556","6627.646207809448","2025-07-02 16:12:16+00"
"387","c38941eb-b09e-4577-9c7f-71004b4a4193","2","2","24079","23751","27534","1","19350","31","male","29.81","0","yes","8183","6530","996","6453","16000.502109527588","2025-07-02 16:12:02+00"
"386","c38941eb-b09e-4577-9c7f-71004b4a4193","1","2","25655","31353","30586","2","38999","44","male","30.2","2","yes","8413","6620","804","6571","18420.24803161621","2025-07-02 16:11:39+00"
"385","873e0388-f791-4325-b039-1dc0ce534ea4","16","1","16000","16000","13749","1","14394","57","female","28.785","4","no","646","608","425","435","9404.495239257812","2025-07-02 15:27:18+00"
"384","873e0388-f791-4325-b039-1dc0ce534ea4","15","1","19000","19000","38827","1","55135","33","female","35.53","0","yes","16309","4454","798","4382","5201.917409896851","2025-07-02 15:26:56+00"
"383","873e0388-f791-4325-b039-1dc0ce534ea4","14","1","15000","15000","4206","1","13127","23","female","28","0","no","8921","8287","227","8284","6330.344676971436","2025-07-02 15:26:37+00"
"382","873e0388-f791-4325-b039-1dc0ce534ea4","13","1","16000","16000","10037","1","6552","33","female","36.29","3","no","3485","9693","919","9649","4852.967262268066","2025-07-02 15:26:20+00"
"381","873e0388-f791-4325-b039-1dc0ce534ea4","12","1","19000","19000","26858","1","19720","32","male","28.93","1","yes","7138","6991","1029","6915","10433.95709991455","2025-07-02 15:26:08+00"
"380","873e0388-f791-4325-b039-1dc0ce534ea4","11","1","16000","16000","42710","1","58571","31","female","38.095","1","yes","15862","3830","1211","3634","5137.337207794189","2025-07-02 15:25:48+00"
"379","873e0388-f791-4325-b039-1dc0ce534ea4","10","1","17000","17000","10022","1","10065","53","male","21.4","1","no","43","971","158","958","6574.383974075317","2025-07-02 15:25:33+00"
"378","873e0388-f791-4325-b039-1dc0ce534ea4","9","1","15000","15000","2434","1","1770","20","male","29.735","0","no","664","618","312","534","6149.025678634644","2025-07-02 15:25:18+00"
"377","873e0388-f791-4325-b039-1dc0ce534ea4","8","1","16000","16000","11930","1","11879","55","female","32.395","1","no","51","1390","148","1383","7634.962320327759","2025-07-02 15:25:00+00"
"376","873e0388-f791-4325-b039-1dc0ce534ea4","7","1","18000","18000","30586","1","38999","44","male","30.2","2","yes","8413","6620","804","6571","5543.9252853393555","2025-07-02 15:24:43+00"
"375","873e0388-f791-4325-b039-1dc0ce534ea4","6","1","19000","19000","40164","1","52591","60","male","32.8","0","yes","12427","5892","1065","5795","5169.848680496216","2025-07-02 15:24:22+00"
"374","873e0388-f791-4325-b039-1dc0ce534ea4","5","1","17000","17000","19177","1","17043","26","male","27.06","0","yes","2134","5982","898","5915","21698.012590408325","2025-07-02 15:24:02+00"
"373","873e0388-f791-4325-b039-1dc0ce534ea4","4","1","17500","17500","9651","1","6113","31","female","30.495","3","no","3538","10518","523","10505","9620.73826789856","2025-07-02 15:23:28+00"
"372","873e0388-f791-4325-b039-1dc0ce534ea4","3","1","17000","17000","33285","1","43579","57","female","31.16","0","yes","10294","5039","611","5002","7888.713359832764","2025-07-02 15:23:04+00"
"371","873e0388-f791-4325-b039-1dc0ce534ea4","2","1","15000","15000","4404","1","2711","19","female","25.745","1","no","1693","5784","329","5775","8924.510717391968","2025-07-02 15:22:46+00"
"370","873e0388-f791-4325-b039-1dc0ce534ea4","1","1","17000","17000","32283","1","62593","45","male","30.36","0","yes","30310","6814","699","6778","15129.412651062012","2025-07-02 15:22:21+00"
"369","f960e279-872d-4c0b-844f-f66a3c3702d0","16","2","25473","32343","33285","3","43579","57","female","31.16","0","yes","10294","5039","611","5002","6521.916627883911","2025-07-02 14:44:01+00"
"368","f960e279-872d-4c0b-844f-f66a3c3702d0","15","2","45731","13991","11930","4","11879","55","female","32.395","1","no","51","1390","148","1383","11932.31463432312","2025-07-02 14:43:48+00"
"367","f960e279-872d-4c0b-844f-f66a3c3702d0","14","2","19055","38059","42710","1","58571","31","female","38.095","1","yes","15862","3830","1211","3634","17069.745302200317","2025-07-02 14:43:30+00"
"366","f960e279-872d-4c0b-844f-f66a3c3702d0","13","2","10932","30237","38827","2","55135","33","female","35.53","0","yes","16309","4454","798","4382","10409.843683242798","2025-07-02 14:43:07+00"
"365","f960e279-872d-4c0b-844f-f66a3c3702d0","12","2","9027","10080","10037","2","6552","33","female","36.29","3","no","3485","9693","919","9649","8248.552799224854","2025-07-02 14:42:50+00"
"364","f960e279-872d-4c0b-844f-f66a3c3702d0","11","2","45631","23418","10559","4","10577","56","male","22.1","0","no","18","1157","245","1131","12272.561073303223","2025-07-02 14:42:34+00"
"363","f960e279-872d-4c0b-844f-f66a3c3702d0","10","2","10531","16498","24730","2","18246","27","male","29.15","0","yes","6483","6623","937","6556","10890.573740005493","2025-07-02 14:42:12+00"
"362","f960e279-872d-4c0b-844f-f66a3c3702d0","9","2","15345","27730","38074","3","44585","29","male","35.5","2","yes","6512","4350","583","4311","10578.660488128662","2025-07-02 14:40:19+00"
"361","f960e279-872d-4c0b-844f-f66a3c3702d0","8","2","6319","6971","7367","3","24060","19","female","30.59","2","no","16693","11045","552","11031","16145.034074783325","2025-07-02 14:39:55+00"
"360","f960e279-872d-4c0b-844f-f66a3c3702d0","7","2","39914","31340","30586","2","38999","44","male","30.2","2","yes","8413","6620","804","6571","11044.137001037598","2025-07-02 14:39:32+00"
"359","f960e279-872d-4c0b-844f-f66a3c3702d0","6","2","13270","7673","6429","4","6458","38","male","29.26","2","no","28","1585","215","1570","13539.047718048096","2025-07-02 14:39:12+00"
"358","f960e279-872d-4c0b-844f-f66a3c3702d0","5","2","6219","7773","8583","1","3393","18","female","38.665","2","no","5190","10384","1294","10303","9492.28811264038","2025-07-02 14:38:41+00"
"357","f960e279-872d-4c0b-844f-f66a3c3702d0","4","2","54556","46884","40164","1","52591","60","male","32.8","0","yes","12427","5892","1065","5795","10236.749410629272","2025-07-02 14:38:22+00"
"356","f960e279-872d-4c0b-844f-f66a3c3702d0","3","2","41318","32945","19019","3","15555","63","male","41.325","3","no","3464","10172","646","10151","20537.885665893555","2025-07-02 14:38:01+00"
"355","f960e279-872d-4c0b-844f-f66a3c3702d0","2","2","24872","10681","10022","4","10065","53","male","21.4","1","no","43","971","158","958","20811.827182769775","2025-07-02 14:37:03+00"
"354","f960e279-872d-4c0b-844f-f66a3c3702d0","1","2","9628","24120","27534","1","19350","31","male","29.81","0","yes","8183","6530","996","6453","31542.63472557068","2025-07-02 14:36:29+00"